"SDO_ID","SDO_Name","Geogr_Laenge","Geogr_Breite","Hoehe_ueber_NN","Metadata_Link"
"15813","Lingen-Baccum","7,4131","52,5126","40.0","https://cdc.dwd.de/rest/metadata/station/html/1521876489"
"2100","Helgoland-Düne","7,9119","54,1860","4.0","https://cdc.dwd.de/rest/metadata/station/html/1594245462"
"4549","Schönwald/Schwarzwald","8,1969","48,1002","1021.0","https://cdc.dwd.de/rest/metadata/station/html/1606494202"
"3274","Mettlach-Orscholz (Kurort)","6,5215","49,5070","415.0","https://cdc.dwd.de/rest/metadata/station/html/1614848192"
"15978","Sembach","7,8618","49,5044","316.0","https://cdc.dwd.de/rest/metadata/station/html/178938368"
"5289","Waldachtal-Lützenhardt","8,5612","48,4918","595.0","https://cdc.dwd.de/rest/metadata/station/html/2217491152"
"19171","Hasenkrug-Hardebek","9,8553","54,0038","13.0","https://cdc.dwd.de/rest/metadata/station/html/2623005519"
"15911","Großpostwitz-Denkwitz","14,4343","51,1348","278.0","https://cdc.dwd.de/rest/metadata/station/html/2880341537"
"15801","Hinterschmiding-Sonndorf","13,5922","48,8257","717.0","https://cdc.dwd.de/rest/metadata/station/html/2896143094"
"15976","Ober-Olm/Bellem","8,2107","49,9529","216.0","https://cdc.dwd.de/rest/metadata/station/html/3555844807"
"13667","Freiburg-Mitte","7,8450","48,0006","274.0","https://cdc.dwd.de/rest/metadata/station/html/3867241110"
"5665","Wolfegg","9,7970","47,8180","677.0","https://cdc.dwd.de/rest/metadata/station/html/386937182"
"4477","Schluchsee","8,1860","47,8208","993.0","https://cdc.dwd.de/rest/metadata/station/html/4125257314"
"5049","Titisee-Neustadt-Titisee","8,1460","47,8991","846.0","https://cdc.dwd.de/rest/metadata/station/html/633700035"
"1420","Frankfurt/Main","8,5213","50,0259","100.0","https://cdc.dwd.de/rest/metadata/station/html/812300004455"
"3228","Meinerzhagen (A)","7,6670","51,0976","506.0","https://cdc.dwd.de/rest/metadata/station/html/812300005735"
"1832","Großer Arber","13,1338","49,1129","1436.0","https://cdc.dwd.de/rest/metadata/station/html/812300006311"
"1515","Fürstenfeldbruck","11,2667","48,2000","519.0","https://cdc.dwd.de/rest/metadata/station/html/812300007591"
"3761","Öhringen","9,5176","49,2070","276.0","https://cdc.dwd.de/rest/metadata/station/html/812300008167"
"596","Boltenhagen","11,1908","54,0027","15.0","https://cdc.dwd.de/rest/metadata/station/html/812300014439"
"5705","Würzburg","9,9576","49,7704","268.0","https://cdc.dwd.de/rest/metadata/station/html/812300016295"
"3390","München-Riem","11,7094","48,1369","529.0","https://cdc.dwd.de/rest/metadata/station/html/812300017575"
"125","Altenstadt","10,8667","47,8342","742.0","https://cdc.dwd.de/rest/metadata/station/html/812300018151"
"7412","Neuhütten/Spessart","9,4238","50,0083","340.0","https://cdc.dwd.de/rest/metadata/station/html/812300021287"
"3086","Lübeck-Blankensee","10,6989","53,8025","15.0","https://cdc.dwd.de/rest/metadata/station/html/812300024423"
"1425","Frankfurt/Main (Feldbergstr.)","8,6601","50,1213","109.0","https://cdc.dwd.de/rest/metadata/station/html/812300025703"
"2315","Holzdorf (Flugplatz)","13,1666","51,7657","80.0","https://cdc.dwd.de/rest/metadata/station/html/812300026279"
"963","Diepholz","8,3424","52,5881","38.0","https://cdc.dwd.de/rest/metadata/station/html/812300036263"
"1612","Gera-Leumnitz","12,1289","50,8812","311.0","https://cdc.dwd.de/rest/metadata/station/html/812300038119"
"52","Ahrensburg-Wulfsdorf","10,1990","53,6623","46.0","https://cdc.dwd.de/rest/metadata/station/html/812300045671"
"2486","Kaiserslautern","7,7557","49,4262","271.0","https://cdc.dwd.de/rest/metadata/station/html/812300048103"
"3166","Marienberg","13,1469","50,6511","639.0","https://cdc.dwd.de/rest/metadata/station/html/812300054951"
"4629","Schwesing","9,1420","54,5166","37.0","https://cdc.dwd.de/rest/metadata/station/html/812300055655"
"6197","Lügde-Paenbruch","9,2710","51,8664","258.0","https://cdc.dwd.de/rest/metadata/station/html/812300056231"
"553","Bocholt (Marienschule)","6,6107","51,8380","25.0","https://cdc.dwd.de/rest/metadata/station/html/812300057511"
"5629","Wittenberg","12,6446","51,8891","104.0","https://cdc.dwd.de/rest/metadata/station/html/812300058087"
"1048","Dresden-Klotzsche","13,7543","51,1278","228.0","https://cdc.dwd.de/rest/metadata/station/html/812300059367"
"7396","Hoherodskopf/Vogelsberg","9,2246","50,5084","740.0","https://cdc.dwd.de/rest/metadata/station/html/812300071207"
"4271","Rostock-Warnemünde","12,0808","54,1803","5.0","https://cdc.dwd.de/rest/metadata/station/html/812300076199"
"867","Lautertal-Oberlauter","10,9679","50,3066","344.0","https://cdc.dwd.de/rest/metadata/station/html/812300079911"
"433","Berlin-Tempelhof","13,4021","52,4675","48.0","https://cdc.dwd.de/rest/metadata/station/html/812300083047"
"5306","Waldhäuser (National Park)","13,4641","48,9293","940.0","https://cdc.dwd.de/rest/metadata/station/html/812300084327"
"2532","Kassel","9,4424","51,2963","231.0","https://cdc.dwd.de/rest/metadata/station/html/812300087463"
"3552","Neuruppin","12,8072","52,9037","38.0","https://cdc.dwd.de/rest/metadata/station/html/812300088039"
"368","Bergen","9,9248","52,8152","68.0","https://cdc.dwd.de/rest/metadata/station/html/812300093031"
"6163","Dörnick","10,3519","54,1654","27.0","https://cdc.dwd.de/rest/metadata/station/html/812300094887"
"2878","Lauchstädt, Bad","11,8786","51,3909","117.0","https://cdc.dwd.de/rest/metadata/station/html/812300097447"
"3093","Lüchow","11,1374","52,9724","16.0","https://cdc.dwd.de/rest/metadata/station/html/812300098023"
"766","Büchel (Flugplatz)","7,0595","50,1745","477.0","https://cdc.dwd.de/rest/metadata/station/html/812300104871"
"3815","Osnabrück","8,0534","52,2553","95.0","https://cdc.dwd.de/rest/metadata/station/html/812300109287"
"4174","Rheine-Bentlage","7,3866","52,2887","40.0","https://cdc.dwd.de/rest/metadata/station/html/812300112999"
"6184","Wilhelmshaven (Flugplatz)","8,1667","53,5333","6.0","https://cdc.dwd.de/rest/metadata/station/html/812300114279"
"3821","Osterfeld","11,9293","51,0873","246.0","https://cdc.dwd.de/rest/metadata/station/html/812300114855"
"840","Carlsfeld","12,6114","50,4313","895.0","https://cdc.dwd.de/rest/metadata/station/html/812300116135"
"15000","Aachen-Orsbach","6,0244","50,7983","231.0","https://cdc.dwd.de/rest/metadata/station/html/812300117991"
"5779","Zinnwald-Georgenfeld","13,7516","50,7313","877.0","https://cdc.dwd.de/rest/metadata/station/html/812300119847"
"2485","Kaisersbach-Cronhütte","9,6871","48,9170","489.0","https://cdc.dwd.de/rest/metadata/station/html/812300121703"
"1580","Geisenheim","7,9548","49,9859","111.0","https://cdc.dwd.de/rest/metadata/station/html/812300122983"
"2349","Hornisgrinde","8,2033","48,6136","1138.0","https://cdc.dwd.de/rest/metadata/station/html/812300124839"
"4094","Weingarten, Kr. Ravensburg","9,6206","47,8062","441.0","https://cdc.dwd.de/rest/metadata/station/html/812300126695"
"1759","Greifswalder Oie","13,9102","54,2437","12.0","https://cdc.dwd.de/rest/metadata/station/html/812300132967"
"7351","Feldberg/Mecklenburg","13,4175","53,3176","115.0","https://cdc.dwd.de/rest/metadata/station/html/812300137959"
"1987","Hamburg-Sankt Pauli","9,9662","53,5467","47.0","https://cdc.dwd.de/rest/metadata/station/html/812300139239"
"1550","Garmisch-Partenkirchen","11,0621","47,4830","719.0","https://cdc.dwd.de/rest/metadata/station/html/812300141671"
"4393","Sankt Peter-Ording","8,6031","54,3279","5.0","https://cdc.dwd.de/rest/metadata/station/html/812300142951"
"2856","Langenlipsdorf","13,0878","51,9173","91.0","https://cdc.dwd.de/rest/metadata/station/html/812300144807"
"706","Eschbach","7,6611","47,8858","234.0","https://cdc.dwd.de/rest/metadata/station/html/812300147943"
"691","Bremen","8,7981","53,0451","4.0","https://cdc.dwd.de/rest/metadata/station/html/812300149799"
"1503","Friesoythe-Altenoythe","7,9020","53,0643","6.0","https://cdc.dwd.de/rest/metadata/station/html/812300154791"
"2252","Bertsdorf-Hörnitz","14,7456","50,8992","271.0","https://cdc.dwd.de/rest/metadata/station/html/812300156071"
"2925","Leinefelde","10,3123","51,3932","356.0","https://cdc.dwd.de/rest/metadata/station/html/812300156647"
"3167","Marienberg, Bad","7,9603","50,6621","547.0","https://cdc.dwd.de/rest/metadata/station/html/812300166631"
"1544","Gardelegen","11,3942","52,5129","47.0","https://cdc.dwd.de/rest/metadata/station/html/812300171623"
"599","Bonn-Friesdorf","7,1467","50,7055","62.0","https://cdc.dwd.de/rest/metadata/station/html/812300176039"
"3362","Mühlacker","8,8735","48,9721","243.0","https://cdc.dwd.de/rest/metadata/station/html/812300183463"
"3442","Nauheim, Bad","8,7506","50,3574","149.0","https://cdc.dwd.de/rest/metadata/station/html/812300184743"
"2928","Leipzig-Holzhausen","12,4462","51,3151","138.0","https://cdc.dwd.de/rest/metadata/station/html/812300186023"
"4928","Stuttgart (Schnarrenberg)","9,2000","48,8281","314.0","https://cdc.dwd.de/rest/metadata/station/html/812300188455"
"5397","Weiden","12,1844","49,6662","440.0","https://cdc.dwd.de/rest/metadata/station/html/812300191591"
"7403","Leutkirch-Herlazhofen","10,0325","47,7955","672.0","https://cdc.dwd.de/rest/metadata/station/html/812300193447"
"7369","Feuchtwangen-Heilbronn","10,3661","49,1623","475.0","https://cdc.dwd.de/rest/metadata/station/html/812300196583"
"2564","Kiel-Holtenau","10,1424","54,3776","28.0","https://cdc.dwd.de/rest/metadata/station/html/812300199719"
"427","Berlin Brandenburg","13,5306","52,3807","46.0","https://cdc.dwd.de/rest/metadata/station/html/812300201575"
"2542","Kaufbeuren","10,6007","47,8652","716.0","https://cdc.dwd.de/rest/metadata/station/html/812300203431"
"72","Albstadt-Onstmettingen","9,0001","48,2766","794.0","https://cdc.dwd.de/rest/metadata/station/html/812300204711"
"3379","München-Stadt","11,5429","48,1632","515.0","https://cdc.dwd.de/rest/metadata/station/html/812300208423"
"704","Bremervörde","9,1390","53,4451","11.0","https://cdc.dwd.de/rest/metadata/station/html/812300211559"
"198","Artern","11,2920","51,3744","164.0","https://cdc.dwd.de/rest/metadata/station/html/812300213415"
"2522","Karlsruhe","8,3641","49,0382","112.0","https://cdc.dwd.de/rest/metadata/station/html/812300214695"
"2483","Kahler Asten","8,4891","51,1803","839.0","https://cdc.dwd.de/rest/metadata/station/html/812300226535"
"5100","Trier-Petrisberg","6,6583","49,7479","265.0","https://cdc.dwd.de/rest/metadata/station/html/812300228391"
"4752","Sonneberg-Neufang","11,1828","50,3746","626.0","https://cdc.dwd.de/rest/metadata/station/html/812300230247"
"4445","Wernigerode-Schierke","10,6533","51,7658","609.0","https://cdc.dwd.de/rest/metadata/station/html/812300233383"
"175","Ansbach","10,5751","49,2964","413.0","https://cdc.dwd.de/rest/metadata/station/html/812300234663"
"1920","Hagen-Fley","7,4895","51,4129","100.0","https://cdc.dwd.de/rest/metadata/station/html/812300237799"
"6314","Nossen","13,3003","51,0507","306.0","https://cdc.dwd.de/rest/metadata/station/html/812300238375"
"2712","Konstanz","9,1307","47,6952","428.0","https://cdc.dwd.de/rest/metadata/station/html/812300240231"
"1346","Feldberg/Schwarzwald","8,0038","47,8749","1490.0","https://cdc.dwd.de/rest/metadata/station/html/812300243367"
"5371","Wasserkuppe","9,9427","50,4973","920.0","https://cdc.dwd.de/rest/metadata/station/html/812300246503"
"232","Augsburg","10,9417","48,4253","462.0","https://cdc.dwd.de/rest/metadata/station/html/812300255207"
"1666","Glücksburg-Meierwik","9,5058","54,8273","12.0","https://cdc.dwd.de/rest/metadata/station/html/812300256487"
"2932","Leipzig/Halle","12,2396","51,4347","131.0","https://cdc.dwd.de/rest/metadata/station/html/812300257767"
"2905","Lechfeld","10,8507","48,1849","550.0","https://cdc.dwd.de/rest/metadata/station/html/812300265191"
"3231","Meiningen","10,3771","50,5611","450.0","https://cdc.dwd.de/rest/metadata/station/html/812300275175"
"5640","Wittmundhafen","7,6672","53,5503","10.0","https://cdc.dwd.de/rest/metadata/station/html/812300278311"
"1219","Emden-Nesserland","7,1909","53,3449","5.0","https://cdc.dwd.de/rest/metadata/station/html/812300279591"
"5078","Travemünde","10,8892","53,9619","2.0","https://cdc.dwd.de/rest/metadata/station/html/812300282023"
"1078","Düsseldorf","6,7686","51,2960","37.0","https://cdc.dwd.de/rest/metadata/station/html/812300283303"
"3660","Nürburg-Barweiler","6,8697","50,3602","485.0","https://cdc.dwd.de/rest/metadata/station/html/812300285159"
"5120","Tübingen","9,0515","48,5198","370.0","https://cdc.dwd.de/rest/metadata/station/html/812300286439"
"2044","Harzgerode","11,1366","51,6520","404.0","https://cdc.dwd.de/rest/metadata/station/html/812300290151"
"1468","Freudenstadt","8,4090","48,4538","797.0","https://cdc.dwd.de/rest/metadata/station/html/812300296999"
"1297","Eschwege","10,0138","51,2041","156.0","https://cdc.dwd.de/rest/metadata/station/html/812300298279"
"4280","Roth","11,1035","49,2162","386.0","https://cdc.dwd.de/rest/metadata/station/html/812300305127"
"591","Boizenburg","10,6878","53,3911","45.0","https://cdc.dwd.de/rest/metadata/station/html/812300308263"
"5538","Wielenbach (Demollstr.)","11,1576","47,8827","551.0","https://cdc.dwd.de/rest/metadata/station/html/812300310119"
"5349","Waren (Müritz)","12,6654","53,5196","73.0","https://cdc.dwd.de/rest/metadata/station/html/812300313255"
"7395","Gottfrieding","12,5388","48,6595","350.0","https://cdc.dwd.de/rest/metadata/station/html/812300315111"
"3032","List auf Sylt","8,4125","55,0110","25.0","https://cdc.dwd.de/rest/metadata/station/html/812300318247"
"1869","Grünow","13,9339","53,3154","56.0","https://cdc.dwd.de/rest/metadata/station/html/812300320103"
"3300","Mittel-Gründau","9,1064","50,2285","155.0","https://cdc.dwd.de/rest/metadata/station/html/812300324519"
"891","Cuxhaven","8,7058","53,8713","5.0","https://cdc.dwd.de/rest/metadata/station/html/812300330087"
"2385","Idar-Oberstein","7,3263","49,6927","376.0","https://cdc.dwd.de/rest/metadata/station/html/812300341927"
"2565","Kiel-Kronshagen","10,0929","54,3378","17.0","https://cdc.dwd.de/rest/metadata/station/html/812300344487"
"2667","Köln-Bonn","7,1575","50,8646","92.0","https://cdc.dwd.de/rest/metadata/station/html/812300345063"
"5871","Hahn","7,2645","49,9463","497.0","https://cdc.dwd.de/rest/metadata/station/html/812300346919"
"5490","Wernigerode","10,7686","51,8454","233.0","https://cdc.dwd.de/rest/metadata/station/html/812300351911"
"1975","Hamburg-Fuhlsbüttel","9,9881","53,6332","11.0","https://cdc.dwd.de/rest/metadata/station/html/812300355047"
"2338","Hopsten (Flugplatz)","7,5500","52,3333","39.0","https://cdc.dwd.de/rest/metadata/station/html/812300356327"
"7393","Hoyerswerda","14,2533","51,4492","116.0","https://cdc.dwd.de/rest/metadata/station/html/812300356903"
"2886","Laupheim","9,9097","48,2175","539.0","https://cdc.dwd.de/rest/metadata/station/html/812300358759"
"7341","Offenbach-Wetterpark","8,7862","50,0900","119.0","https://cdc.dwd.de/rest/metadata/station/html/812300365031"
"4024","Putbus","13,4771","54,3643","40.0","https://cdc.dwd.de/rest/metadata/station/html/812300370023"
"856","Chieming","12,5404","47,8843","551.0","https://cdc.dwd.de/rest/metadata/station/html/812300373735"
"2303","Hohn","9,5385","54,3162","10.0","https://cdc.dwd.de/rest/metadata/station/html/812300375015"
"430","Berlin-Tegel","13,3088","52,5644","36.0","https://cdc.dwd.de/rest/metadata/station/html/812300376871"
"2290","Hohenpeißenberg","11,0108","47,8009","977.0","https://cdc.dwd.de/rest/metadata/station/html/812300378727"
"342","Belm","8,1694","52,3170","103.0","https://cdc.dwd.de/rest/metadata/station/html/812300386855"
"642","Brake","8,4969","53,3517","1.0","https://cdc.dwd.de/rest/metadata/station/html/812300393127"
"4464","Schleiz","11,8041","50,5679","501.0","https://cdc.dwd.de/rest/metadata/station/html/812300393703"
"3518","Neuhausen ob Eck","8,9101","47,9760","793.0","https://cdc.dwd.de/rest/metadata/station/html/812300394983"
"2166","Herrnhut","14,7500","51,0167","344.0","https://cdc.dwd.de/rest/metadata/station/html/812300396263"
"5839","Emden","7,2287","53,3881","0.0","https://cdc.dwd.de/rest/metadata/station/html/812300396839"
"1993","Hameln","9,3896","52,0848","68.0","https://cdc.dwd.de/rest/metadata/station/html/812300398119"
"2985","Lichtenhain-Mittelndorf","14,2094","50,9383","321.0","https://cdc.dwd.de/rest/metadata/station/html/812300400551"
"1379","Flensburg (Schäferhaus)","9,3752","54,7737","41.0","https://cdc.dwd.de/rest/metadata/station/html/812300401255"
"3791","Oldenburg","8,1824","53,1763","11.0","https://cdc.dwd.de/rest/metadata/station/html/812300403111"
"3946","Plauen","12,1300","50,4818","387.0","https://cdc.dwd.de/rest/metadata/station/html/812300413671"
"3404","Münster","7,5906","51,9494","62.0","https://cdc.dwd.de/rest/metadata/station/html/812300418087"
"1757","Greifswald","13,4056","54,0967","2.0","https://cdc.dwd.de/rest/metadata/station/html/812300426791"
"5856","Fürstenzell","13,3532","48,5451","476.0","https://cdc.dwd.de/rest/metadata/station/html/812300428647"
"4039","Quickborn","9,8776","53,7331","11.0","https://cdc.dwd.de/rest/metadata/station/html/812300436775"
"2794","Kyritz","12,4093","52,9362","40.0","https://cdc.dwd.de/rest/metadata/station/html/812300438631"
"7389","Heckelberg","13,8427","52,7461","82.0","https://cdc.dwd.de/rest/metadata/station/html/812300443623"
"3668","Nürnberg","11,0549","49,5030","314.0","https://cdc.dwd.de/rest/metadata/station/html/812300445479"
"1490","Friedrichshafen","9,4795","47,6454","394.0","https://cdc.dwd.de/rest/metadata/station/html/812300446759"
"1684","Görlitz","14,9506","51,1621","238.0","https://cdc.dwd.de/rest/metadata/station/html/812300449895"
"7368","Eisenach","10,3621","51,0007","312.0","https://cdc.dwd.de/rest/metadata/station/html/812300455463"
"4933","Stuttgart-Hohenheim","9,2147","48,7091","401.0","https://cdc.dwd.de/rest/metadata/station/html/812300461735"
"3028","Lippspringe, Bad","8,8388","51,7854","157.0","https://cdc.dwd.de/rest/metadata/station/html/812300463591"
"330","Oberzent-Beerfelden","8,9673","49,5617","455.0","https://cdc.dwd.de/rest/metadata/station/html/812300473575"
"2494","Kalkar","6,2688","51,7329","31.0","https://cdc.dwd.de/rest/metadata/station/html/812300474855"
"5467","Wendelstein","12,0119","47,7035","1832.0","https://cdc.dwd.de/rest/metadata/station/html/812300475431"
"3287","Michelstadt-Vielbrunn","9,0997","49,7177","453.0","https://cdc.dwd.de/rest/metadata/station/html/812300478567"
"4887","Stötten","9,8648","48,6656","734.0","https://cdc.dwd.de/rest/metadata/station/html/812300482279"
"15207","Schauenburg-Elgershausen","9,3590","51,2835","317.0","https://cdc.dwd.de/rest/metadata/station/html/812300483559"
"5009","Teterow","12,5574","53,7611","33.0","https://cdc.dwd.de/rest/metadata/station/html/812300488551"
"2437","Schleswig-Jagel","9,5203","54,4570","21.0","https://cdc.dwd.de/rest/metadata/station/html/812300493543"
"303","Baruth","13,4997","52,0613","54.0","https://cdc.dwd.de/rest/metadata/station/html/812300495399"
"460","Berus","6,6868","49,2641","363.0","https://cdc.dwd.de/rest/metadata/station/html/812300498535"
"5546","Wiesenburg","12,4586","52,1206","187.0","https://cdc.dwd.de/rest/metadata/station/html/812300500391"
"3366","Mühldorf","12,5024","48,2790","406.0","https://cdc.dwd.de/rest/metadata/station/html/812300502247"
"662","Braunschweig","10,4464","52,2915","81.0","https://cdc.dwd.de/rest/metadata/station/html/812300505383"
"3577","Neustrelitz","13,0502","53,3585","64.0","https://cdc.dwd.de/rest/metadata/station/html/812300506663"
"6159","Dörpen","7,3196","52,9542","8.0","https://cdc.dwd.de/rest/metadata/station/html/812300515367"
"3","Aachen","6,0941","50,7827","202.0","https://cdc.dwd.de/rest/metadata/station/html/812300526631"
"4036","Querfurt-Mühle Lodersleben","11,5412","51,3895","204.0","https://cdc.dwd.de/rest/metadata/station/html/812300527207"
"2638","Klippeneck","8,7548","48,1054","973.0","https://cdc.dwd.de/rest/metadata/station/html/812300534055"
"722","Brocken","10,6183","51,7986","1135.0","https://cdc.dwd.de/rest/metadata/station/html/812300537191"
"2201","Hiddensee-Vitte","13,1044","54,5750","1.0","https://cdc.dwd.de/rest/metadata/station/html/812300545319"
"13904","Nordseeboje 2","6,3333","55,0000","3.0","https://cdc.dwd.de/rest/metadata/station/html/812300551591"
"400","Berlin-Buch","13,5021","52,6310","60.0","https://cdc.dwd.de/rest/metadata/station/html/812300552167"
"3015","Lindenberg","14,1180","52,2085","98.0","https://cdc.dwd.de/rest/metadata/station/html/812300557159"
"2829","Landsberg (Flugplatz)","10,9144","48,0772","621.0","https://cdc.dwd.de/rest/metadata/station/html/812300559015"
"4336","Saarbrücken-Ensheim","7,1077","49,2128","320.0","https://cdc.dwd.de/rest/metadata/station/html/812300560295"
"44","Großenkneten","8,2370","52,9336","44.0","https://cdc.dwd.de/rest/metadata/station/html/812300562151"
"2014","Hannover","9,6779","52,4644","55.0","https://cdc.dwd.de/rest/metadata/station/html/812300567143"
"13711","Krölpa-Rockendorf","11,5150","50,6820","289.0","https://cdc.dwd.de/rest/metadata/station/html/812300573991"
"1130","Eggebek","9,3649","54,6282","17.0","https://cdc.dwd.de/rest/metadata/station/html/812300576551"
"2503","Kaltennordheim","10,1455","50,6266","487.0","https://cdc.dwd.de/rest/metadata/station/html/812300580839"
"3085","Lübeck","10,6915","53,8773","15.0","https://cdc.dwd.de/rest/metadata/station/html/812300581543"
"1957","Halle-Kröllwitz","11,9499","51,5138","93.0","https://cdc.dwd.de/rest/metadata/station/html/812300583975"
"7374","Ahaus","6,9409","52,0813","46.0","https://cdc.dwd.de/rest/metadata/station/html/812300587111"
"1443","Freiburg","7,8343","48,0232","236.0","https://cdc.dwd.de/rest/metadata/station/html/812300590823"
"3096","Lüdenscheid (Zeppelin-Gymnasium)","7,6359","51,2131","444.0","https://cdc.dwd.de/rest/metadata/station/html/812300593383"
"5792","Zugspitze","10,9848","47,4210","2965.0","https://cdc.dwd.de/rest/metadata/station/html/812300593959"
"348","Bendorf","7,5886","50,4135","127.0","https://cdc.dwd.de/rest/metadata/station/html/812300598375"
"5155","Ulm","9,9524","48,3837","567.0","https://cdc.dwd.de/rest/metadata/station/html/812300600807"
"298","Barth","12,7108","54,3405","3.0","https://cdc.dwd.de/rest/metadata/station/html/812300602087"
"3575","Neustadt/Weinstraße","8,1405","49,3570","163.0","https://cdc.dwd.de/rest/metadata/station/html/812300603367"
"5440","Weißenburg-Emetzheim","10,9308","49,0115","439.0","https://cdc.dwd.de/rest/metadata/station/html/812300603943"
"15444","Ulm-Mähringen","9,9216","48,4418","593.0","https://cdc.dwd.de/rest/metadata/station/html/812300605799"
"5142","Ueckermünde","14,0698","53,7445","1.0","https://cdc.dwd.de/rest/metadata/station/html/812300607079"
"7394","Wunsiedel-Schönbrunn","11,9745","50,0315","622.0","https://cdc.dwd.de/rest/metadata/station/html/812300608935"
"1262","München-Flughafen","11,8134","48,3477","446.0","https://cdc.dwd.de/rest/metadata/station/html/812300610791"
"2961","Leuchtturm Kiel","10,2737","54,4996","31.0","https://cdc.dwd.de/rest/metadata/station/html/812300612071"
"1001","Doberlug-Kirchhain","13,5747","51,6451","97.0","https://cdc.dwd.de/rest/metadata/station/html/812300613927"
"2597","Kissingen, Bad","10,0792","50,2240","282.0","https://cdc.dwd.de/rest/metadata/station/html/812300615783"
"5825","Berge","12,7867","52,6198","40.0","https://cdc.dwd.de/rest/metadata/station/html/812300618919"
"850","Celle","10,0296","52,5959","45.0","https://cdc.dwd.de/rest/metadata/station/html/812300623911"
"5663","Woldegk","13,6099","53,4618","118.0","https://cdc.dwd.de/rest/metadata/station/html/812300625191"
"1270","Erfurt-Weimar","10,9608","50,9829","316.0","https://cdc.dwd.de/rest/metadata/station/html/812300625767"
"3639","Nordholz (Flugplatz)","8,6584","53,7647","26.0","https://cdc.dwd.de/rest/metadata/station/html/812300628903"
"5282","Wahnsdorf bei Dresden","13,6744","51,1197","246.0","https://cdc.dwd.de/rest/metadata/station/html/812300633319"
"2374","Husum","9,0564","54,4752","3.0","https://cdc.dwd.de/rest/metadata/station/html/812300638311"
"5419","Weimar","11,3076","50,9751","264.0","https://cdc.dwd.de/rest/metadata/station/html/812300642599"
"5480","Werl","7,8879","51,5763","85.0","https://cdc.dwd.de/rest/metadata/station/html/812300643879"
"5158","Ummendorf","11,1759","52,1601","159.0","https://cdc.dwd.de/rest/metadata/station/html/812300645735"
"259","Müllheim","7,6387","47,8064","275.0","https://cdc.dwd.de/rest/metadata/station/html/812300647591"
"1228","UFS TW Ems","6,3460","54,1651","0.0","https://cdc.dwd.de/rest/metadata/station/html/812300648871"
"2601","Kleiner Feldberg/Taunus","8,4469","50,2218","822.0","https://cdc.dwd.de/rest/metadata/station/html/812300653863"
"6344","Runkel-Ennerich","8,1423","50,3940","168.0","https://cdc.dwd.de/rest/metadata/station/html/812300658855"
"4911","Straubing","12,5597","48,8275","351.0","https://cdc.dwd.de/rest/metadata/station/html/812300660711"
"3196","Marnitz","11,9321","53,3222","81.0","https://cdc.dwd.de/rest/metadata/station/html/812300663847"
"320","Heinersreuth-Vollhof","11,5198","49,9666","350.0","https://cdc.dwd.de/rest/metadata/station/html/812300667559"
"2115","Helgoland","7,8920","54,1750","4.0","https://cdc.dwd.de/rest/metadata/station/html/812300668839"
"193","Arolsen-Neu Berich","9,0820","51,3845","232.0","https://cdc.dwd.de/rest/metadata/station/html/812300670119"
"2261","Hof","11,8760","50,3123","565.0","https://cdc.dwd.de/rest/metadata/station/html/812300672551"
"5930","Schönhagen (Ostseebad)","10,0238","54,6410","1.0","https://cdc.dwd.de/rest/metadata/station/html/812300673831"
"3376","Müncheberg","14,1232","52,5176","63.0","https://cdc.dwd.de/rest/metadata/station/html/812300675687"
"3244","Memmingen","10,1384","47,9821","614.0","https://cdc.dwd.de/rest/metadata/station/html/812300677543"
"13965","Balingen-Bronnhaupten","8,8134","48,2639","619.0","https://cdc.dwd.de/rest/metadata/station/html/812300681214"
"3023","Lingen","7,3081","52,5181","22.0","https://cdc.dwd.de/rest/metadata/station/html/812300685671"
"619","Borkum-Süderstraße","6,6703","53,5788","12.0","https://cdc.dwd.de/rest/metadata/station/html/812300686951"
"3513","Neuhaus am Rennweg","11,1345","50,5003","845.0","https://cdc.dwd.de/rest/metadata/station/html/812300687527"
"5715","Wunstorf","9,4245","52,4626","49.0","https://cdc.dwd.de/rest/metadata/station/html/812300690663"
"5732","Wrixum/Föhr","8,5271","54,6928","8.0","https://cdc.dwd.de/rest/metadata/station/html/812300694375"
"1303","Essen-Bredeney","6,9677","51,4041","150.0","https://cdc.dwd.de/rest/metadata/station/html/812300695655"
"5128","Tuttlingen-Möhringen-Vorstadt","8,7899","47,9682","668.0","https://cdc.dwd.de/rest/metadata/station/html/812300698791"
"3126","Magdeburg","11,5827","52,1029","79.0","https://cdc.dwd.de/rest/metadata/station/html/812300702503"
"3811","Oschatz","13,0928","51,2960","150.0","https://cdc.dwd.de/rest/metadata/station/html/812300707495"
"3925","Pforzheim-Ispringen","8,6973","48,9329","332.0","https://cdc.dwd.de/rest/metadata/station/html/812300714343"
"1694","Goldberg","12,1034","53,6058","59.0","https://cdc.dwd.de/rest/metadata/station/html/812300720615"
"3659","Nürburg","6,9501","50,3391","627.0","https://cdc.dwd.de/rest/metadata/station/html/812300721895"
"5800","Zwiesel","13,2385","49,0280","615.0","https://cdc.dwd.de/rest/metadata/station/html/812300722471"
"1357","Fichtelberg/Oberfranken-Hüttstadl","11,8376","49,9807","655.0","https://cdc.dwd.de/rest/metadata/station/html/812300729319"
"3897","Pelzerhaken","10,8773","54,0893","2.0","https://cdc.dwd.de/rest/metadata/station/html/812300730599"
"1526","Fulda-Horas","9,6532","50,5668","242.0","https://cdc.dwd.de/rest/metadata/station/html/812300731879"
"7244","Neuglobsow (HM)","13,0319","53,1424","62.0","https://cdc.dwd.de/rest/metadata/station/html/812300737447"
"1339","Faßberg","10,1885","52,9157","76.0","https://cdc.dwd.de/rest/metadata/station/html/812300742439"
"2444","Jena (Sternwarte)","11,5830","50,9251","155.0","https://cdc.dwd.de/rest/metadata/station/html/812300744295"
"4745","Soltau","9,7930","52,9604","75.0","https://cdc.dwd.de/rest/metadata/station/html/812300747431"
"4927","Stuttgart-Stadt","9,1814","48,7693","286.0","https://cdc.dwd.de/rest/metadata/station/html/812300755559"
"554","Bocholt-Liedern (Wasserwerk)","6,5365","51,8293","23.0","https://cdc.dwd.de/rest/metadata/station/html/812300763687"
"3268","Meßstetten-Appental","8,9433","48,1694","900.0","https://cdc.dwd.de/rest/metadata/station/html/812300771111"
"7410","Neu-Ulrichstein","9,0224","50,7513","350.0","https://cdc.dwd.de/rest/metadata/station/html/812300777383"
"3245","Memmingen (Flugplatz)","10,2333","47,9833","630.0","https://cdc.dwd.de/rest/metadata/station/html/812300780519"
"4625","Schwerin","11,3871","53,6424","59.0","https://cdc.dwd.de/rest/metadata/station/html/812300782375"
"2429","Itzehoe","9,5696","53,9897","21.0","https://cdc.dwd.de/rest/metadata/station/html/812300787367"
"164","Angermünde","13,9908","53,0316","54.0","https://cdc.dwd.de/rest/metadata/station/html/812300789223"
"2410","Ingolstadt (Flugplatz)","11,5363","48,7111","364.0","https://cdc.dwd.de/rest/metadata/station/html/812300791079"
"3987","Potsdam","13,0622","52,3812","82.0","https://cdc.dwd.de/rest/metadata/station/html/812300794215"
"656","Braunlage","10,6021","51,7234","607.0","https://cdc.dwd.de/rest/metadata/station/html/812300799207"
"3478","Neubrandenburg","13,1914","53,5468","81.0","https://cdc.dwd.de/rest/metadata/station/html/812300800487"
"3254","Meppen","7,3176","52,7155","19.0","https://cdc.dwd.de/rest/metadata/station/html/812300804199"
"4501","Schmücke","10,7696","50,6545","938.0","https://cdc.dwd.de/rest/metadata/station/html/812300806055"
"953","Deuselbach","7,0542","49,7619","481.0","https://cdc.dwd.de/rest/metadata/station/html/812300811047"
"1766","Münster/Osnabrück","7,6969","52,1344","48.0","https://cdc.dwd.de/rest/metadata/station/html/812300814183"
"4371","Salzuflen, Bad","8,7521","52,1042","135.0","https://cdc.dwd.de/rest/metadata/station/html/812300819175"
"4032","Quedlinburg","11,1320","51,7953","142.0","https://cdc.dwd.de/rest/metadata/station/html/812300821031"
"853","Chemnitz","12,8720","50,7913","416.0","https://cdc.dwd.de/rest/metadata/station/html/812300822311"
"5029","Tholey","7,0385","49,4737","386.0","https://cdc.dwd.de/rest/metadata/station/html/812300824167"
"5797","Lichtentanne","12,4329","50,6879","349.0","https://cdc.dwd.de/rest/metadata/station/html/812300826023"
"1639","Gießen/Wettenberg","8,6439","50,6017","203.0","https://cdc.dwd.de/rest/metadata/station/html/812300829159"
"1358","Fichtelberg","12,9536","50,4283","1213.0","https://cdc.dwd.de/rest/metadata/station/html/812300831015"
"1689","Gößweinstein","11,3062","49,7656","441.0","https://cdc.dwd.de/rest/metadata/station/html/812300832295"
"5906","Mannheim","8,5584","49,5063","98.0","https://cdc.dwd.de/rest/metadata/station/html/812300837863"
"1803","Groß Lüsewitz","12,3238","54,0714","34.0","https://cdc.dwd.de/rest/metadata/station/html/812300839143"
"3722","Oberschleißheim","11,5528","48,2443","484.0","https://cdc.dwd.de/rest/metadata/station/html/812300842279"
"1200","Elpersbüttel","9,0105","54,0691","3.0","https://cdc.dwd.de/rest/metadata/station/html/812300844135"
"399","Berlin-Alexanderplatz","13,4057","52,5198","36.0","https://cdc.dwd.de/rest/metadata/station/html/812300845991"
"1587","Gelbelsee","11,4289","48,9481","536.0","https://cdc.dwd.de/rest/metadata/station/html/812300847847"
"4466","Schleswig","9,5487","54,5275","43.0","https://cdc.dwd.de/rest/metadata/station/html/812300849127"
"2773","Kümmersbruck","11,9016","49,4283","415.0","https://cdc.dwd.de/rest/metadata/station/html/812300852839"
"701","Bremerhaven","8,5761","53,5332","6.0","https://cdc.dwd.de/rest/metadata/station/html/812300855975"
"3730","Oberstdorf","10,2759","47,3984","806.0","https://cdc.dwd.de/rest/metadata/station/html/812300857831"
"1691","Göttingen","9,9507","51,5002","167.0","https://cdc.dwd.de/rest/metadata/station/html/812300860967"
"603","Königswinter-Heiderhof","7,2040","50,7293","147.0","https://cdc.dwd.de/rest/metadata/station/html/812300870951"
"3103","Lüneburg","10,4240","53,2657","11.0","https://cdc.dwd.de/rest/metadata/station/html/812300872231"
"3098","Lüdenscheid","7,6425","51,2452","387.0","https://cdc.dwd.de/rest/metadata/station/html/812300875943"
"1605","Genthin","12,1602","52,3875","35.0","https://cdc.dwd.de/rest/metadata/station/html/812300877799"
"1426","Frankfurt/Oder","14,5080","52,3397","65.0","https://cdc.dwd.de/rest/metadata/station/html/812300879655"
"3402","Münsingen-Apfelstetten","9,4837","48,3851","755.0","https://cdc.dwd.de/rest/metadata/station/html/812300889639"
"4104","Regensburg","12,1019","49,0425","365.0","https://cdc.dwd.de/rest/metadata/station/html/812300892775"
"4931","Stuttgart-Echterdingen","9,2235","48,6883","371.0","https://cdc.dwd.de/rest/metadata/station/html/812300894631"
"183","Arkona","13,4344","54,6791","42.0","https://cdc.dwd.de/rest/metadata/station/html/812300895911"
"3246","Mendig","7,3167","50,3667","181.0","https://cdc.dwd.de/rest/metadata/station/html/812300897191"
"5404","Weihenstephan-Dürnast","11,6946","48,4024","477.0","https://cdc.dwd.de/rest/metadata/station/html/812300897767"
"13674","Waibstadt","8,9053","49,2943","237.0","https://cdc.dwd.de/rest/metadata/station/html/812300899623"
"5109","Trollenhagen","13,3039","53,5998","68.0","https://cdc.dwd.de/rest/metadata/station/html/812300900903"
"5244","Völklingen-Stadt","6,8612","49,2581","220.0","https://cdc.dwd.de/rest/metadata/station/html/812300902183"
"7370","Waldmünchen","12,6838","49,3910","499.0","https://cdc.dwd.de/rest/metadata/station/html/812300902759"
"2907","Leck","8,9514","54,7903","7.0","https://cdc.dwd.de/rest/metadata/station/html/812300905895"
"880","Cottbus","14,3168","51,7759","69.0","https://cdc.dwd.de/rest/metadata/station/html/812300907751"
"2559","Kempten","10,3348","47,7233","705.0","https://cdc.dwd.de/rest/metadata/station/html/812300909607"
"5745","Zehdenick","13,3268","52,9663","51.0","https://cdc.dwd.de/rest/metadata/station/html/812300912743"
"3484","Neuburg/Donau (Flugplatz)","11,2147","48,7085","380.0","https://cdc.dwd.de/rest/metadata/station/html/812300914599"
"769","Bückeburg","9,0890","52,2817","68.0","https://cdc.dwd.de/rest/metadata/station/html/812300917735"
"3631","Norderney","7,1519","53,7123","11.0","https://cdc.dwd.de/rest/metadata/station/html/812300922727"
"7367","Alfeld","9,8072","51,9643","144.0","https://cdc.dwd.de/rest/metadata/station/html/812300927719"
"2456","Jever","7,8806","53,5322","7.0","https://cdc.dwd.de/rest/metadata/station/html/812300928999"
"2497","Kall-Sistig","6,5264","50,5014","505.0","https://cdc.dwd.de/rest/metadata/station/html/812300932711"
"5426","Weinbiet","8,1212","49,3758","553.0","https://cdc.dwd.de/rest/metadata/station/html/812300934567"
"5347","Warburg","9,1118","51,5039","236.0","https://cdc.dwd.de/rest/metadata/station/html/812300937703"
"4642","Seehausen","11,7297","52,8911","21.0","https://cdc.dwd.de/rest/metadata/station/html/812300939559"
"954","UFS Deutsche Bucht","7,4587","54,1796","0.0","https://cdc.dwd.de/rest/metadata/station/html/812300942695"
"2812","Lahr","7,8280","48,3647","156.0","https://cdc.dwd.de/rest/metadata/station/html/812300946407"
"2171","Hersfeld, Bad","9,7377","50,8520","272.0","https://cdc.dwd.de/rest/metadata/station/html/812300947687"
"4177","Rheinstetten","8,3301","48,9726","116.0","https://cdc.dwd.de/rest/metadata/station/html/812300951399"
"3879","Passau-Oberhaus","13,4694","48,5779","409.0","https://cdc.dwd.de/rest/metadata/station/html/812300960807"
"282","Bamberg","10,9206","49,8743","240.0","https://cdc.dwd.de/rest/metadata/station/html/812300961383"
"2023","Harburg","10,7062","48,7918","501.0","https://cdc.dwd.de/rest/metadata/station/html/812300966375"
"5516","Fehmarn","11,0606","54,5283","3.0","https://cdc.dwd.de/rest/metadata/station/html/812300967655"
"3158","Manschnow","14,5453","52,5468","12.0","https://cdc.dwd.de/rest/metadata/station/html/812300969511"
"6196","Selb-Spielberg","12,0386","50,1587","611.0","https://cdc.dwd.de/rest/metadata/station/html/812300970791"
"102","Leuchtturm Alte Weser","8,1275","53,8633","32.0","https://cdc.dwd.de/rest/metadata/station/html/812300974503"
"1221","Emden-Wolthusen","7,2236","53,3707","0.0","https://cdc.dwd.de/rest/metadata/station/html/812300985767"
"161","Andernach","7,4202","50,4237","75.0","https://cdc.dwd.de/rest/metadata/station/html/812300986343"
"1341","Fehmarnbelt","11,1500","54,6000","0.0","https://cdc.dwd.de/rest/metadata/station/html/812300988903"
"3623","Nörvenich (Flugplatz)","6,6601","50,8294","110.0","https://cdc.dwd.de/rest/metadata/station/html/812300994471"
"5675","Wolfsburg","10,7587","52,4411","56.0","https://cdc.dwd.de/rest/metadata/station/html/812300995751"
"222","Aue","12,7139","50,5908","393.0","https://cdc.dwd.de/rest/metadata/station/html/812300997607"
"4665","Selbach (Tholey)","7,0417","49,5281","431.0","https://cdc.dwd.de/rest/metadata/station/html/812301000494"
"6108","Ruthenstrom","9,4192","53,7197","7.0","https://cdc.dwd.de/rest/metadata/station/html/812301000508"
"6096","Altmühlsee","10,7301","49,1423","416.0","https://cdc.dwd.de/rest/metadata/station/html/812301000513"
"2926","Leipheim (Flugplatz)","10,2333","48,4333","477.0","https://cdc.dwd.de/rest/metadata/station/html/812301000767"
"2093","Heidmoor","9,8227","53,8562","30.0","https://cdc.dwd.de/rest/metadata/station/html/812301000854"
"1831","Großer Arber (Ost)","13,1353","49,1126","1449.0","https://cdc.dwd.de/rest/metadata/station/html/812301000880"
"1505","Fritzlar-Kasseler Warte","9,2833","51,1333","222.0","https://cdc.dwd.de/rest/metadata/station/html/812301000914"
"1011","Dörrmoschel-Felsbergerhof","7,7413","49,6017","442.0","https://cdc.dwd.de/rest/metadata/station/html/812301000944"
"1013","Dogern","8,1697","47,6026","309.0","https://cdc.dwd.de/rest/metadata/station/html/812301000945"
"7391","Oberzent-Beerfelden-Vogelherd","8,9669","49,5561","443.0","https://cdc.dwd.de/rest/metadata/station/html/812301001059"
"7416","Birkelbach","8,2733","51,0112","541.0","https://cdc.dwd.de/rest/metadata/station/html/812301001702"
"13952","Arnsberg-Müschede","8,0094","51,4089","278.0","https://cdc.dwd.de/rest/metadata/station/html/812301001704"
"2465","Jork-Moorende","9,7376","53,5083","1.0","https://cdc.dwd.de/rest/metadata/station/html/812301001937"
"3775","Offenbach/Main (Zentrallabor)","8,7468","50,1029","100.0","https://cdc.dwd.de/rest/metadata/station/html/812301001966"
"4663","Selb/Oberfranken (Klärwerk)","12,1188","50,1633","535.0","https://cdc.dwd.de/rest/metadata/station/html/812301001984"
"11","Donaueschingen (Landeplatz)","8,5205","47,9737","680.0","https://cdc.dwd.de/rest/metadata/station/html/812301001988"
"424","Berlin-Ostkreuz","13,4667","52,5000","36.0","https://cdc.dwd.de/rest/metadata/station/html/812301001991"
"6221","Krummhörn (Hooge)","7,0781","53,5084","6.0","https://cdc.dwd.de/rest/metadata/station/html/812301001992"
"6098","Stockach-Espasingen","9,0237","47,8147","398.0","https://cdc.dwd.de/rest/metadata/station/html/812301001993"
"6097","Darßer Ort (SWN)","12,5014","54,4738","4.0","https://cdc.dwd.de/rest/metadata/station/html/812301002001"
"3954","Plön (Max-Planck-Institut)","10,4345","54,1603","26.0","https://cdc.dwd.de/rest/metadata/station/html/812301002075"
"4583","Schwäbisch Gmünd (Wind)","9,7456","48,7868","300.0","https://cdc.dwd.de/rest/metadata/station/html/812301002128"
"3369","Mühlenrade","10,4833","53,6000","42.0","https://cdc.dwd.de/rest/metadata/station/html/812301002234"
"3321","Mönchengladbach-Hilderath","6,3609","51,1313","77.0","https://cdc.dwd.de/rest/metadata/station/html/812301002236"
"1423","Frankfurt/Main (Terminal)","8,5887","50,0496","111.0","https://cdc.dwd.de/rest/metadata/station/html/812301002409"
"1359","Fichtelberg/Ofr","11,2219","50,0242","705.0","https://cdc.dwd.de/rest/metadata/station/html/812301002417"
"15214","Halblech-Bayerniederhofen","10,8075","47,6248","808.0","https://cdc.dwd.de/rest/metadata/station/html/812301003412"
"2482","Kahler Asten (A)","8,4887","51,1801","741.0","https://cdc.dwd.de/rest/metadata/station/html/812301003459"
"1963","Hallig Hooge","8,5133","54,5742","4.0","https://cdc.dwd.de/rest/metadata/station/html/812301003466"
"6091","Spiekeroog (SWN)","7,6721","53,7674","14.0","https://cdc.dwd.de/rest/metadata/station/html/812301003482"
"4919","Strucklahnungshörn","8,8069","54,4965","7.0","https://cdc.dwd.de/rest/metadata/station/html/812301003622"
"5319","Waldsee, Bad-Reute","9,7076","47,9167","576.0","https://cdc.dwd.de/rest/metadata/station/html/812301003657"
"2656","Koblenz","7,5906","50,3519","96.0","https://cdc.dwd.de/rest/metadata/station/html/812301003749"
"2573","Waging am See-Schnöbling","12,7717","47,9588","470.0","https://cdc.dwd.de/rest/metadata/station/html/812301003757"
"2253","Hörnum/Sylt","8,2833","54,7667","10.0","https://cdc.dwd.de/rest/metadata/station/html/812301003794"
"2207","Hildesheim (Flugplatz)","9,9500","52,1833","91.0","https://cdc.dwd.de/rest/metadata/station/html/812301003798"
"2055","Haßfurt","10,4947","50,0493","292.0","https://cdc.dwd.de/rest/metadata/station/html/812301003811"
"1261","Erding","11,9440","48,3192","460.0","https://cdc.dwd.de/rest/metadata/station/html/812301003889"
"181","Arendsee","11,5042","52,8761","30.0","https://cdc.dwd.de/rest/metadata/station/html/812301003938"
"90","Alsfeld","9,2583","50,7557","305.0","https://cdc.dwd.de/rest/metadata/station/html/812301003946"
"13701","Eschwege-Eltmannshausen","9,9885","51,1945","250.0","https://cdc.dwd.de/rest/metadata/station/html/812301004610"
"10510","Winterbach/Remstal","9,5046","48,8059","244.0","https://cdc.dwd.de/rest/metadata/station/html/812301004627"
"15044","Neuwied-Feldkirchen-Hüllenberg","7,4058","50,4517","199.0","https://cdc.dwd.de/rest/metadata/station/html/812301004784"
"15189","Sukow-Levitzow","12,5936","53,8281","12.0","https://cdc.dwd.de/rest/metadata/station/html/812301004792"
"3651","Northeim-Stöckheim","9,9450","51,7521","109.0","https://cdc.dwd.de/rest/metadata/station/html/812301004840"
"6277","Wolfsburg (Schleuse)","10,6667","52,4167","66.0","https://cdc.dwd.de/rest/metadata/station/html/812301004874"
"3046","Löningen-Schnetlage","7,7333","52,7333","20.0","https://cdc.dwd.de/rest/metadata/station/html/812301004906"
"1758","Greifswald-Wieck","13,4500","54,1000","2.0","https://cdc.dwd.de/rest/metadata/station/html/812301004908"
"5431","Weisen bei Wittenberge","11,8000","53,0333","24.0","https://cdc.dwd.de/rest/metadata/station/html/812301004912"
"5877","Putlos","10,8002","54,3160","5.0","https://cdc.dwd.de/rest/metadata/station/html/812301004933"
"4678","Sengwarden","8,0333","53,5833","1.0","https://cdc.dwd.de/rest/metadata/station/html/812301005061"
"5327","Walldürn","9,3975","49,5789","404.0","https://cdc.dwd.de/rest/metadata/station/html/812301005117"
"1886","Günzburg","10,2608","48,4878","444.0","https://cdc.dwd.de/rest/metadata/station/html/812301005288"
"1416","Frankfurt (18W)","8,5333","50,0167","97.0","https://cdc.dwd.de/rest/metadata/station/html/812301005346"
"96","Neuruppin-Alt Ruppin","12,8518","52,9437","50.0","https://cdc.dwd.de/rest/metadata/station/html/812301005418"
"7308","Wielenbach","11,1540","47,8847","541.0","https://cdc.dwd.de/rest/metadata/station/html/812301005495"
"6136","Dillenburg-Niederscheld (Kläranlage)","8,3000","50,7000","220.0","https://cdc.dwd.de/rest/metadata/station/html/812301006429"
"3534","Neumarkt-Höhenberg","11,4881","49,2713","584.0","https://cdc.dwd.de/rest/metadata/station/html/812301006496"
"4225","Roding-Wetterfeld","12,5360","49,2195","373.0","https://cdc.dwd.de/rest/metadata/station/html/812301006557"
"4880","Stimpfach-Weipertshofen","10,1240","49,0878","450.0","https://cdc.dwd.de/rest/metadata/station/html/812301006619"
"5154","Ulm-Wilhelmsburg","9,9833","48,4000","576.0","https://cdc.dwd.de/rest/metadata/station/html/812301006650"
"2897","Lautertal-Hörgenau","9,2857","50,5808","522.0","https://cdc.dwd.de/rest/metadata/station/html/812301006756"
"5226","Vilgertshofen","10,9151","47,9530","708.0","https://cdc.dwd.de/rest/metadata/station/html/812301007015"
"15122","Ergersheim-Neuherberg","10,2854","49,5200","380.0","https://cdc.dwd.de/rest/metadata/station/html/812301007843"
"4947","Süpplingen","10,9200","52,2317","129.0","https://cdc.dwd.de/rest/metadata/station/html/812301007954"
"1010","Dörpen (Kläranlage)","7,3209","52,9732","5.0","https://cdc.dwd.de/rest/metadata/station/html/812301007955"
"4929","Stuttgart (Schnarrenberg Aero)","9,2000","48,8333","311.0","https://cdc.dwd.de/rest/metadata/station/html/812301007960"
"1834","Grosser Inselsberg","10,4665","50,8519","913.0","https://cdc.dwd.de/rest/metadata/station/html/812301007964"
"6099","Gailingen","8,7318","47,7020","450.0","https://cdc.dwd.de/rest/metadata/station/html/812301007974"
"6106","Rechlin","12,7149","53,3311","62.0","https://cdc.dwd.de/rest/metadata/station/html/812301007975"
"3661","Nürnberg (Hochhaus)","11,0667","49,4500","307.0","https://cdc.dwd.de/rest/metadata/station/html/812301007989"
"3921","Pferdsfeld","7,6000","49,8500","396.0","https://cdc.dwd.de/rest/metadata/station/html/812301008045"
"4279","Roth bei Prüm","6,3862","50,3046","593.0","https://cdc.dwd.de/rest/metadata/station/html/812301008087"
"4735","Söllingen","8,0833","48,7833","123.0","https://cdc.dwd.de/rest/metadata/station/html/812301008134"
"1960","Halle (Stadt)","11,9671","51,4831","102.0","https://cdc.dwd.de/rest/metadata/station/html/812301008338"
"1415","Frankfurt (07W)","8,5333","50,0333","100.0","https://cdc.dwd.de/rest/metadata/station/html/812301008388"
"876","Collmberg","13,0096","51,3040","314.0","https://cdc.dwd.de/rest/metadata/station/html/812301008497"
"7392","Aubstadt","10,4487","50,3332","304.0","https://cdc.dwd.de/rest/metadata/station/html/812301008541"
"13676","Langquaid-Oberschneidhart","12,0323","48,8608","378.0","https://cdc.dwd.de/rest/metadata/station/html/812301009136"
"998","Dobel","8,4921","48,7968","696.0","https://cdc.dwd.de/rest/metadata/station/html/812301009395"
"6238","Starnberg-Perchting","11,2690","47,9946","675.0","https://cdc.dwd.de/rest/metadata/station/html/812301009422"
"6189","Rotenburg (Wümme) (Flugplatz)","9,3500","53,1333","34.0","https://cdc.dwd.de/rest/metadata/station/html/812301009430"
"6101","Bastorf-Kägsdorf (SWN)","11,6719","54,1323","51.0","https://cdc.dwd.de/rest/metadata/station/html/812301009432"
"3657","Nümbrecht auf dem Lindchen","7,5543","50,9081","341.0","https://cdc.dwd.de/rest/metadata/station/html/812301009437"
"1422","Frankfurt (Henninger Turm)","8,6936","50,0972","114.0","https://cdc.dwd.de/rest/metadata/station/html/812301009808"
"788","Büsum","8,8584","54,1193","3.0","https://cdc.dwd.de/rest/metadata/station/html/812301009872"
"13901","Haltern (Wasserwerk)","7,1998","51,7343","41.0","https://cdc.dwd.de/rest/metadata/station/html/812301010611"
"15190","Xanten (Wasserwerk)","6,4349","51,6802","18.0","https://cdc.dwd.de/rest/metadata/station/html/812301010787"
"6103","Mittenwald/Obb.","11,2616","47,4287","923.0","https://cdc.dwd.de/rest/metadata/station/html/812301010828"
"13900","Soden,Bad-Salmünster (Kläranlage)","9,3580","50,2688","145.0","https://cdc.dwd.de/rest/metadata/station/html/812301010829"
"5412","Weilheim-Bierbronnen","8,1964","47,6802","771.0","https://cdc.dwd.de/rest/metadata/station/html/812301010839"
"15520","Frasdorf-Greimelberg","12,2956","47,8190","656.0","https://cdc.dwd.de/rest/metadata/station/html/812301010845"
"15547","Heilbronn/Neckar","9,1428","49,1259","215.0","https://cdc.dwd.de/rest/metadata/station/html/812301010847"
"6253","Brandenburg/Havel","12,5667","52,4228","31.0","https://cdc.dwd.de/rest/metadata/station/html/812301010891"
"5249","Vogtareuth (A)","12,1833","47,9500","464.0","https://cdc.dwd.de/rest/metadata/station/html/812301010892"
"5851","Frankenberg-Geismar","8,8769","51,0806","392.0","https://cdc.dwd.de/rest/metadata/station/html/812301010902"
"126","Uffenheim (Schulstr.)","10,2213","49,5447","330.0","https://cdc.dwd.de/rest/metadata/station/html/812301010903"
"5063","Tölz, Bad","11,5819","47,7566","724.0","https://cdc.dwd.de/rest/metadata/station/html/812301010906"
"6211","Vogtareuth (Kläranlage)","12,1735","47,9550","464.0","https://cdc.dwd.de/rest/metadata/station/html/812301010910"
"6102","Lindau (SWN)","9,6843","47,5396","397.0","https://cdc.dwd.de/rest/metadata/station/html/812301010913"
"6107","Sipplingen (SWN)","9,1035","47,8076","703.0","https://cdc.dwd.de/rest/metadata/station/html/812301010914"
"3905","Perl-Sinz-Renglischberg","6,4476","49,5214","407.0","https://cdc.dwd.de/rest/metadata/station/html/812301010989"
"3256","Merdingen","7,6667","48,0167","193.0","https://cdc.dwd.de/rest/metadata/station/html/812301011184"
"2377","Kandern-Gupf","7,5895","47,7001","362.0","https://cdc.dwd.de/rest/metadata/station/html/812301011268"
"197","Arolsen-Volkhardinghausen, Bad","9,0558","51,3218","365.0","https://cdc.dwd.de/rest/metadata/station/html/812301011438"
"13693","Gütersloh/Ems","8,3111","51,9258","70.0","https://cdc.dwd.de/rest/metadata/station/html/812301012104"
"13932","Rotthalmünster (Landwirtschaftsamt)","13,1938","48,3617","388.0","https://cdc.dwd.de/rest/metadata/station/html/812301012121"
"15120","Haaren","8,7019","51,5572","379.0","https://cdc.dwd.de/rest/metadata/station/html/812301012317"
"15200","Wuppertal","7,2157","51,2531","327.0","https://cdc.dwd.de/rest/metadata/station/html/812301012357"
